Category,Story URL,Title (Urdu),Title (English)
True Stories,https://www.urdupoint.com/kids/detail/true-stories/barr-e-azam-antarctica-2864.html,برِّ اعظم انٹارکٹیکا,Barr-e-Azam Antarctica
True Stories,https://www.urdupoint.com/kids/detail/true-stories/yeh-hain-palestinian-bache-2840.html,یہ ہیں فلسطینی بچے,Yeh Hain Palestinian Bache
True Stories,https://www.urdupoint.com/kids/detail/true-stories/pani-pani-2822.html,پانی پانی,Pani Pani
True Stories,https://www.urdupoint.com/kids/detail/true-stories/yeh-akhbar-kya-hota-hai-2820.html,یہ اخبار کیا ہوتا ہے,Yeh Akhbar Kya Hota Hai
True Stories,https://www.urdupoint.com/kids/detail/true-stories/mehnat-ka-sila-2811.html,محنت کا صلہ,Mehnat Ka Sila
True Stories,https://www.urdupoint.com/kids/detail/true-stories/pakistan-zindabad-2808.html,پاکستان زندہ باد,Pakistan Zindabad
True Stories,https://www.urdupoint.com/kids/detail/true-stories/sabar-o-bardasht-ka-naam-hai-roza-2762.html,صبر و برداشت کا نام ہے روزہ,Sabar O Bardasht Ka Naam Hai Roza
True Stories,https://www.urdupoint.com/kids/detail/true-stories/nomi-ka-roza-2759.html,نومی کا روزہ,Nomi Ka Roza
True Stories,https://www.urdupoint.com/kids/detail/true-stories/hamara-nizam-e-shamsi-2758.html,ہمارا نظام شمسی,Hamara Nizam E Shamsi
True Stories,https://www.urdupoint.com/kids/detail/true-stories/behtareen-ustani-2755.html,بہترین اُستانی,Behtareen Ustani
True Stories,https://www.urdupoint.com/kids/detail/true-stories/haatim-tai-2748.html,حاتم طائی,Haatim Tai
True Stories,https://www.urdupoint.com/kids/detail/true-stories/patang-aur-ehtiyat-2744.html,پتنگ اور احتیاط,Patang Aur Ehtiyat
Moral Stories,https://www.urdupoint.com/kids/detail/moral-stories/purisrar-boorha-2919.html,پُراسرار بوڑھا,Purisrar Boorha
Moral Stories,https://www.urdupoint.com/kids/detail/moral-stories/naya-azm-2918.html,نیا عزم,Naya Azm
Moral Stories,https://www.urdupoint.com/kids/detail/moral-stories/ghar-mein-mujrim-2917.html,گھر میں مجرم,Ghar Mein Mujrim
Moral Stories,https://www.urdupoint.com/kids/detail/moral-stories/jannat-ka-rasta-2916.html,جنت کا راستہ,Jannat Ka Rasta
Moral Stories,https://www.urdupoint.com/kids/detail/moral-stories/bhooton-ka-naam-2915.html,بھوتوں کا نام,Bhooton Ka Naam
Moral Stories,https://www.urdupoint.com/kids/detail/moral-stories/imandari-ka-inaam-2914.html,ایمانداری کا انعام,Imandari Ka Inaam
Moral Stories,https://www.urdupoint.com/kids/detail/moral-stories/reham-ka-sila-2913.html,رحم کا صلہ,Reham Ka Sila
Moral Stories,https://www.urdupoint.com/kids/detail/moral-stories/hiran-ki-laparwahi-2911.html,ہرن کی لاپرواہی,Hiran Ki Laparwahi
Moral Stories,https://www.urdupoint.com/kids/detail/moral-stories/himmat-2910.html,ہمت,Himmat
Moral Stories,https://www.urdupoint.com/kids/detail/moral-stories/karo-meharbani-tum-ahle-zameen-par-2909.html,کرو مہربانی تم اہلِ زمین پر,Karo Meharbani Tum Ahle Zameen Par
Moral Stories,https://www.urdupoint.com/kids/detail/moral-stories/panda-aur-smart-phone-2908.html,پانڈا اور اسمارٹ فون,Panda Aur Smart Phone
Moral Stories,https://www.urdupoint.com/kids/detail/moral-stories/qalam-ki-khwahish-2907.html,قلم کی خواہش,Qalam Ki Khwahish
Funny Stories,https://www.urdupoint.com/kids/detail/funny-stories/maal-e-muft-2912.html,مالِ مفت,Maal E Muft
Funny Stories,https://www.urdupoint.com/kids/detail/funny-stories/ek-billi-ki-aap-beeti-2901.html,ایک بلی کی آپ بیتی,Ek Billi Ki Aap Beeti
Funny Stories,https://www.urdupoint.com/kids/detail/funny-stories/woh-kon-tha-2851.html,وہ کون تھا؟,Woh Kon Tha?
Funny Stories,https://www.urdupoint.com/kids/detail/funny-stories/woh-aaye-ghar-mein-2847.html,وہ آئے گھر میں,Woh Aaye Ghar Mein
Funny Stories,https://www.urdupoint.com/kids/detail/funny-stories/lalach-ki-saza-2845.html,لالچ کی سزا,Lalach Ki Saza
Funny Stories,https://www.urdupoint.com/kids/detail/funny-stories/chalak-budhiya-2833.html,چالاک بڑھیا,Chalak Budhiya
Funny Stories,https://www.urdupoint.com/kids/detail/funny-stories/sabar-o-shukar-aur-lalach-2829.html,صبر و شکر اور لالچ,Sabar O Shukar Aur Lalach
Funny Stories,https://www.urdupoint.com/kids/detail/funny-stories/naqalmand-2821.html,نقل مند,Naqalmand
Funny Stories,https://www.urdupoint.com/kids/detail/funny-stories/hisab-jun-ka-tun-kunba-duba-kyun-2796.html,حساب جوں کا توں کنبہ ڈوبا کیوں,Hisab Jun Ka Tun Kunba Duba Kyun
Funny Stories,https://www.urdupoint.com/kids/detail/funny-stories/apne-munh-mian-mithu-2789.html,اپنے منہ میاں مٹھو,Apne Munh Mian Mithu
Funny Stories,https://www.urdupoint.com/kids/detail/funny-stories/bablo-aur-kerry-ki-chatni-2743.html,ببلو اور کیری کی چٹنی,Bablo Aur Kerry Ki Chatni
Funny Stories,https://www.urdupoint.com/kids/detail/funny-stories/parai-billi-2739.html,پرائی بلی,Parai Billi